

{
	"powers": [
        "origins:fire_immunity",
        "origins:nether_spawn",
        "origins:burning_wrath",
        "origins:hotblooded",
        "origins:water_vulnerability",
        "origins:flame_particles",
        "origins:damage_from_snowballs",
        "origins:damage_from_potions",
        "lunyx:lava_vision"

    ],
    "icon": "minecraft:blaze_powder",
    "order": 0,
    "impact": 3,
	"name": "Blazeborn",
	"description": "Late descendants of the Blaze, thge Blazeborn are naturally immune to the perils of the nether."
}