{
	"powers": [
		"origins:fall_immunity",
		"origins:sprint_jump",
		"origins:velvet_paws",
		"origins:nine_lives",
		"origins:weak_arms",
		"origins:scare_creepers",
		"lunyx:cat_vision",
        "lunyx:silent_fall",
        "lunyx:weak_arms_2"
	],
	"icon": {
		"item": "minecraft:orange_wool"
	},
	"order": 0,
	"impact": 2,
    "name": "Feline",
    "description": "With their cat-like appearance, the Feline scare creepers away. With the dexterity of cats, they always land safely on their feet."
}