
{
	"powers": [
        "origins:phantomize",
        "origins:translucent",
        "origins:phasing",
        "origins:invisibility",
        "origins:burn_in_daylight",
        "origins:hunger_over_time",
        "origins:fragile",
        "origins:phantomize_overlay"
	],
	"icon": {
		"item": "minecraft:phantom_membrane"
	},
	"order": 3,
	"impact": 3,
    "description": "As half-human and half-phantom beings, these creatures can switch between a Phantom and a normal form.",
    "name":"Phantom"
}