{
	"powers": [
        "extraorigins:all_that_glitters",
        "extraorigins:piglin_neutrality",
        "extraorigins:crossbow_master",
        "lunyx:strong_arms",
        "lunyx:strong_arms_speed",
        "origins:fall_immunity",
        "origins:nether_spawn",
        "extraorigins:homesick",
        "origins:carnivore",
        "extraorigins:flabby",
        "extraorigins:soul_spooked"
    ],
    "icon": "minecraft:golden_sword",
    "order": 1,
    "impact": 3,
	"name": "Piglin",
	"description": "Natives of the Nether, Piglins are very fond of gold and are experts at utilizing it."
}