{
  "powers": [
    "foxboi_two:pounce",
    "foxboi_two:pounce_aerialdamage",
    "foxboi_two:pounce_falling",
    "foxboi_two:phantomize",
    "foxboi_two:phasing",
    "foxboi_two:phasing_jump",
    "foxboi_two:invisibility",
    "foxboi_two:fox_pouch",
    "foxboi_two:fox_pouch_sound",
    "foxboi_two:run",
    "origins:fall_immunity",
    "foxboi_two:speed",
    "foxboi_two:diet",
    "foxboi_two:fragilefox",
    "foxboi_two:smolman",
    "foxboi_two:yummy_berries",
    "foxboi_two:zberry_no_hurt",
    "foxboi_two:armor",
    "foxboi_two:paws",
	"foxboi_two:phase_fix",
    "foxboi_two:paws_shield",
    "foxboi_two:hungy",
    "foxboi_two:fox_eyes",
    "foxboi_two:monch",
	"foxboi_two:yum"
  ],
	"icon": "minecraft:sweet_berries",
	"order": 2,
	"impact": 3,
	"name": "Kitsune",
	"description": "This race of Spirit Foxes dwell around settlements waiting for for treasure to be left unguarded. Though weak in terms of vitality they use their spiritual power to hide and strengthen their power."
}
