{
  "name": "cavernous:citadel",
  "fallback": "minecraft:empty",
  "elements": [
    {
      "weight": 70,
      "element": {
        "element_type": "minecraft:single_pool_element",
        "location": "cavernous:citadel/decor/torch",
        "projection": "rigid",
        "processors": "cavernous:citadel_gate"
      }
    },
    {
      "weight": 20,
      "element": {
        "element_type": "minecraft:single_pool_element",
        "location": "cavernous:citadel/decor/torch_unlit",
        "projection": "rigid",
        "processors": "cavernous:citadel_gate"
      }
    },
    {
      "weight": 10,
      "element": {
        "element_type": "minecraft:single_pool_element",
        "location": "cavernous:citadel/decor/torch_broken",
        "projection": "rigid",
        "processors": "cavernous:citadel_gate"
      }
    }
  ]
}