{
	"display": {
		"icon": {
			"item": "minecraft:exposed_cut_copper"
		},
		"title": {
			"text": "Hint: The Priest"
		},
		"description": {
			"text": "An ancient evil dominates this mask. It looks almost like the statue at the center of the citadel."
		},
		"frame": "task",
		"show_toast": true,
		"announce_to_chat": true,
		"hidden": true
	},
	"parent": "cavernous:expansion/secrets/hint",
	"criteria": {
		"parent": {
			"trigger": "minecraft:inventory_changed",
			"conditions": {
				"player": [
					{
						"condition": "minecraft:entity_properties",
						"entity": "this",
						"predicate": {}
					}
				],
				"items": [
					{
						"items": [
							"minecraft:player_head"
						],
						"nbt": "{Tags:[\"ancient_armor\"]}"
					}
				]
			}
		}
	}
}
