{
	"type": "minecraft:jigsaw",
	"biomes": "#cavernous:has_structure/citadel",
	"step": "underground_decoration",
	"spawn_overrides": {
		"ambient": {
			"bounding_box": "full",
			"spawns": []
		},
		"axolotls": {
			"bounding_box": "full",
			"spawns": []
		},
		"creature": {
			"bounding_box": "full",
			"spawns": []
		},
		"misc": {
			"bounding_box": "full",
			"spawns": []
		},
		"monster": {
			"bounding_box": "full",
			"spawns": []
		},
		"underground_water_creature": {
			"bounding_box": "full",
			"spawns": []
		},
		"water_ambient": {
			"bounding_box": "full",
			"spawns": []
		},
		"water_creature": {
			"bounding_box": "full",
			"spawns": []
		}
	},
	"terrain_adaptation": "beard_box",
	"start_pool": "cavernous:citadel/start",
	"size": 7,
	"start_height": {
		"above_bottom": 18
	},
	"start_jigsaw_name": "cavernous:citadel_anchor",
	"max_distance_from_center": 100,
	"use_expansion_hack": true
}
