{
    "hidden":true,
    "type" : "origins:stacking_status_effect",
    "min_stacks" : 1,
    "max_stacks" : 1,
    "duration_per_stack": 30,
    "effect": {
        "effect": "minecraft:blindness",
        "duration": 2,
        "show_particles":false,
        "show_icon":false
    },
    "condition": {
        "type": "origins:and",
        "conditions": [
            {
            "type": "origins:in_block",
            "inverted":true,
            "block_condition": {
                    "type": "origins:offset",
                    "condition": {
                        "type": "origins:block",
                        "block": "minecraft:air"
                    },
                    "y": 1
                }
            },
            {
            "type": "origins:in_block",
            "inverted":true,
            "block_condition": {
                        "type": "origins:offset",
                        "condition": {
                            "type": "origins:block",
                            "block": "minecraft:water"
                            },
                        "y": 1
                        }
            },
            {
                "type": "origins:in_block",
                "inverted":true,
                "block_condition": {
                            "type": "origins:offset",
                            "condition": {
                                "type": "origins:block",
                                "block": "minecraft:tall_grass"
                                },
                            "y": 1
                            }
                },
                {
                    "type": "origins:in_block",
                    "inverted":true,
                    "block_condition": {
                                "type": "origins:offset",
                                "condition": {
                                    "type": "origins:in_tag",
                                    "tag": "minecraft:climbable"
                                    },
                                "y": 1
                                }
                    },
                    {
                        "type": "origins:in_block",
                        "inverted":true,
                        "block_condition": {
                                    "type": "origins:offset",
                                    "condition": {
                                        "type": "origins:in_tag",
                                        "tag": "c:glass_blocks"
                                        },
                                    "y": 1
                                    }
                    },
                    {
                        "type": "origins:power_active",
                        "power": "origins:phantomize"
                    }

            ]
}
}