{
    "name": "Flap",
    "description": "You can flap your wings after jumping",
    "type": "origins:multiple",
    "double_jump": {
        "condition": {
            "type": "origins:and",
            "conditions": [
                {
                    "type": "origins:on_block",
                    "inverted": true
                },
                {
                    "type": "origins:resource",
                    "resource": "lunyx:can_flap",
                    "comparison": ">=",
                    "compare_to": 1
                }
            ]
        },
        "type": "origins:active_self",
        "entity_action": {
            "type": "origins:and",
            "actions": [
                {
                    "type": "origins:add_velocity",
                    "y": 0.5,
                    "space": "world",
                    "client": true,
                    "server": true,
                    "set": true
                },
                {
                    "type": "origins:add_velocity",
                    "z": 0.3,
                    "space": "local",
                    "client": true,
                    "server": true
                },
                {
                    "type": "origins:change_resource",
                    "resource": "lunyx:can_flap",
                    "change": -1,
                    "operation": "add"
                },
                {
                    "type": "origins:play_sound",
                    "sound": "minecraft:entity.ender_dragon.flap"
                }
            ]
        },
        "cooldown": 5,
        "hud_render": {
            "should_render": false,
            "sprite_location": "origins:textures/gui/community/spiderkolo/resource_bar_03.png",
            "bar_index": 16
        },
        "key": {
            "key": "key.jump"
        }
    },
    "reset_double_jump": {
        "condition": {
            "type": "origins:on_block"
        },
        "type": "origins:action_over_time",
        "interval": 5,
        "entity_action": {
            "type": "origins:change_resource",
            "resource": "lunyx:can_flap",
            "change": 1,
            "operation": "add"
        }
    }
}