{
  "hidden": true,
  "type": "origins:action_on_callback",
  "entity_action_chosen": {
          "type": "origins:execute_command",
          "command": "scale set 0.85 @s",
          "permission_level": 4
        },
  "entity_action_respawned": {
      "type": "origins:execute_command",
      "command": "scale set 0.85 @s",
      "permission_level": 4
  },
  "entity_action_lost": {
      "type": "origins:execute_command",
      "command": "scale set 1 @s",
      "permission_level": 4
  },
  "execute_chosen_when_orb": true
}