{
	"type": "minecraft:random_patch",
	"config": {
		"tries": 100,
		"xz_spread": 4,
		"y_spread": 3,
		"feature": {
			"feature": {
				"type": "minecraft:simple_block",
				"config": {
					"to_place": {
						"type": "minecraft:weighted_state_provider",
						"entries": [
							{
								"weight": 1,
								"data": {
									"Name": "minecraft:tall_grass",
									"Properties": {
										"half": "lower"
									}
								}
							},
							{
								"weight": 4,
								"data": {
									"Name": "minecraft:grass"
								}
							}
						]
					}
				}
			},
			"placement": [
				{
					"type": "minecraft:block_predicate_filter",
					"predicate": {
						"type": "minecraft:all_of",
						"predicates": [
							{
								"type": "minecraft:matching_blocks",
								"offset": [
									0,
									0,
									0
								],
								"blocks": "minecraft:air"
							},
							{
								"type": "minecraft:matching_blocks",
								"offset": [
									0,
									-1,
									0
								],
								"blocks": "minecraft:grass_block"
							}
						]
					}
				}
			]
		}
	}
}
